{
  "log_gdp_per_capita": {
    "mean": 9.590198693974994,
    "sd": 0.9128292699917667
  },
  "human_development_index": {
    "mean": 0.7725806451612903,
    "sd": 0.11446146869567238
  },
  "median_age": {
    "mean": 33.0671875,
    "sd": 7.707202458873355
  },
  "log_population_density": {
    "mean": 4.557317361703032,
    "sd": 1.7300391573262732
  },
  "healthcare_capacity": {
    "mean": 3.336724137931034,
    "sd": 2.7773478374673077
  },
  "stringency_index": {
    "mean": 54.97214902104815,
    "sd": 12.925805070734233
  },
  "trust_generalized": {
    "mean": 0.2191330277760322,
    "sd": 0.15369734351506562
  },
  "trust_institutions": {
    "mean": 0.46678851565848434,
    "sd": 0.13393541728726813
  },
  "trust_experts": {
    "mean": 0.6006381507114775,
    "sd": 0.09282048639988945
  },
  "trust_density_composite": {
    "mean": -0.006270462330823867,
    "sd": 0.7798244914490556
  },
  "information_integrity_proxy": {
    "mean": 0.4408870386127183,
    "sd": 0.11039899382310883
  }
}