outcome,model,term,min_coef,median_coef,max_coef,sign_flips,min_p,max_p
acute_deaths_per_million,central_full_controls,z_centralized_institutional_trust,-658.9687569992661,-612.7026775617877,-483.2819881493989,0,1.7302227455043727e-05,0.0009062217870133951
acute_deaths_per_million,gap_full_controls,z_centralization_gap,356.0489176398017,401.3950988498605,465.5118033168792,0,1.3737684338604302e-05,0.001155650956300074
deaths_per_million,central_full_controls,z_centralized_institutional_trust,-734.6773866970973,-681.1659504977271,-550.9616680307747,0,4.252426469568924e-06,0.0003454411724223751
deaths_per_million,gap_full_controls,z_centralization_gap,418.48329544489036,464.71169889314496,536.9117072612053,0,1.1918856376586755e-05,0.0009485383579115545
recovery_deaths_per_million,central_full_controls,z_centralized_institutional_trust,-76.3994158192329,-68.70289138531157,-54.63404524954321,0,0.007397141391015307,0.03583994824487318
recovery_deaths_per_million,gap_full_controls,z_centralization_gap,53.48072784002002,63.47495745902079,82.89776405516886,0,0.00309150335085058,0.095029070493668
